{"+rtaEok77y5bXIjUHNtfSw==":"img_3816_16415122151_o-2000x1333.jpg","b/p2ya81G5iJ2u4fAyB82w==":"img_6497_16053688492_o-2000x1317.jpg","YbYLb6TugXTycyklMOfA/w==":"img_6497_16053688492_o-1-2000x1317.jpg","ttsGHRRENS7FyT6+tYV9nw==":"img_9729_15867175420_o-2000x1333.jpg","hYswagfKmh13Ksl8LPp4UA==":"logo%20transparent%20background-122x42.png","s6vqJX6+EwPX78ftwnh5Ng==":"logo-354x121.jpg","ZtX9oS3nJlIiXsczn3IJ+Q==":"logo-356x87.jpg","cqdzsJXqfcZWkn2G/p0RxQ==":"b%20logo-300x300.jpg","chaEwRfKuwEuZ9WQmOvOZA==":"transparent-122x30.png","hjGvKconaNJKXwGFodAzzg==":"transparent-1-122x30.png","3KAxpiWyms/e+zzC7jOWTA==":"logo-490x119.jpg","lnPyn039+tiVMBMTc5iIEA==":"transparent-500x122.png","i9Ivemr8EoqeP/LL/UYKEQ==":"img_0402_16054476165_o-2000x1333.jpg","eUf/Q/NgyRFNyAjxLOs2Sw==":"img_4165_16230963757_o-2000x3000.jpg","lDdfm9vUhF1t7bDsIOKD0g==":"img_3751_16416883785_o-2000x1333.jpg","SwXQ0WTcTOXr7uj0VVYXRg==":"5b_15866902128_o-2000x1333.jpg","k/w41eDum2fszbrpMh5QVw==":"img_3722_fotor_collage_15796821903_o-2000x1500.jpg","2oIDEt+wpKWpQzuYT1hw0g==":"img_3735_15796844473_o-2000x1151.jpg","6qbwSgT2CxlXTZrPTK6zcg==":"img_3744_16230994007_o-2000x1333.jpg","3gKR6aQRPMRswJhBO9jmzw==":"img_0326_15867019928_o-2000x1333.jpg","YTrk4LKOUMHXFgKqlrFAFw==":"img_4063_16415148921_o-2000x1146.jpg","bCmSmwhxFmax8hRtLVAvOQ==":"img_0326_15867019928_o-1-2000x1333.jpg","aJts/Ev0vOmBEseGJ6wWIA==":"img_6470_15868616547_o-2000x1333.jpg","AzLq6VCgm8EMvDuP8x42ew==":"img_4063_16415148921_o-1-2000x1146.jpg","Mz9vBUiilpluJC7Q1TBOZw==":"img_6470_15868616547_o-1-2000x1333.jpg","4/xOrZ/gucpNFKLgEmaMxg==":"img_2673_16086179912_o-2000x1333.jpg","yIcc2B0cKJYCtR8tivMdmg==":"img_2673_16086179912_o-1-2000x1333.jpg","ACJYdoBNkKUwJznFH0/QwQ==":"img_3832_16229230438_o-2000x1333.jpg","JL6njiTlfkuxMP5BsqVLxQ==":"img_3832_16229230438_o-1-2000x1333.jpg","bLsyaBOKQX9ax1Wtb2q+2w==":"5b_15866902128_o-1-2000x1333.jpg","gqM86FioBGSOzINvMYY8Lw==":"b%20logo-192x192.jpg","mtgtKF+HcYCipFWXBZwzcg==":"transparent-192x47.png","ybqi1m/zpvK77XPZNqbbEA==":"b%20logo-300x300.jpg","o1EqZIw3hw17LLSt3dqdWg==":"logo-192x47.jpg","xiVc2Ft4z9wSjEROxP6bVA==":"b%20logo%206-192x192.jpg","1CqvP/F9y395HPtnpc98AA==":"b%20logo%206-192x192.jpg","pnHXy2JeLAyVXgY0+zjA6Q==":"b%20logo%206-192x192.jpg","fVnxYCnsOJf1Vs2AkdpNNg==":"marmer%20background-1280x768.jpg","gk8SbiOWyHewuV2/o5rkwA==":"a-1014x750.jpg","dDAjj2YxEXiChja9fP0xTw==":"a-1-1014x750.jpg","cvJqfrOmAB3gZU9t5FgPAA==":"naue-head-2018-27-1920x500.jpg","WomYDWiAT/CiTs0B9F47zA==":"kpam%20transparan-196x195.png","0zfiw0gOxs9sf9RI36BZ4A==":"photography-camera-hd-wallpaper1-1920x1200.jpg","nRiloFZAilLFZnHz3O44mw==":"brian-1014x1167.jpg","ANYMl85k0cgkNZmQfPCLig==":"img_2663_15900789239_o-1014x676.jpg","ihlkf69UyfSmhSyJ1Jvc6w==":"jumbotron.jpg","a1UFC3eMcd5VfVtYkCXtGQ==":"6_16028601066_o-2000x1333.jpg","JICJnoH6sFks7WANXuUlYQ==":"7_15867100530_o-2000x1333.jpg","a3SDUsjEOvYlBjgiOUa4kA==":"16_15867099020_o-2000x1333.jpg","hs595RTVFjBDHNxgeqo4xg==":"23_15866928488_o-2000x3000.jpg","lnL7H25KP6Zu1Di2jtZVlA==":"24_15868620897_o-2000x1333.jpg","KHX4GTMc60qCIFo4XWsw7A==":"28a_16052431121_o-1728x2592.jpg","LJuMNq4hAy6gWPKs48jkbQ==":"30_16052429941_o-2000x1333.jpg","F9QqVEXvgqNTOSC5IxSKrg==":"35_15434735053_o-1728x2592.jpg","fTUAvSzTeq7IfiOgSGf/fg==":"36_16054382015_o-2000x1500.jpg","NgiCvcD6/dKbcbJcIrHgeg==":"img_2663_15900789239_o-2000x1333.jpg","90D2jQhdYkWdlfDrF3pApA==":"img_2675_15464587324_o-2000x1333.jpg","yMOhl0XwFw2+InO9cJZbvA==":"img_2715_15899450328_o-2000x3000.jpg","2fRXVdn5tYLLUfVJnU48Rw==":"img_2731_16061089776_o-2000x3000.jpg","s19XG9RtuipmdoUZw7ThOQ==":"img_2749_15901146727_o-2000x3000.jpg","mYPNOQyITrWXf2WaqcT2Ug==":"img_3969_fotor_collage_16230631699_o-2000x1500.jpg","ZhkMzUK7FeIVRSK3c9Z83Q==":"img_3982-copy_16230947867_o-2000x1333.jpg","3e8/bBuF4gRdLgs1yksagg==":"untitled-4_15901138347_o-2000x3000.jpg","7GW3hS+CSmv7T6ZQ5GZ62w==":"img_3951_16230952887_o-2000x3000.jpg","63jMoudd37I+Z9EI8fkPGg==":"img_3960_15794374914_o-2000x3000.jpg","BVtVYUekxeQErOjcxVcvJw==":"img_3978_16229203388_o-2000x3000.jpg","navyH/lTc1TLlIjEp+GkMw==":"img_6497_16053688492_o-2-2000x1317.jpg","ViZFMHSYAQLFTISUUGpnxg==":"img_3832_16229230438_o-676x451.jpg","MRuDoG5MhQuchXDLCElUHA==":"img_6470_15868616547_o-676x451.jpg","D/MJwuutwIhlmcioKCvGqA==":"04.jpg","fL6JdEgBxWTgSyqakRzkBg==":"img_3833_15796816933_o-2000x1333.jpg","JxGfAM6Y4pL4WwDQRVdmTQ==":"img_3764_16229243358_o-2000x1333.jpg","TexjcE2v7PLGjHL8OeRUyQ==":"img_3784_15794393374_o-2000x1350.jpg","q8WyetxTHl/9iMTS9z40sA==":"img_3735_15796844473_o-1-2000x1151.jpg","HJslWVMXYs8/IzQ8ys6qHQ==":"img_3722_fotor_collage_15796821903_o-3600x2700.jpg","Nz8YmgK/tEq1pIOjj519Ig==":"a-2000x1479.jpg","IISzfJrjDjuGsr6kDoLg5Q==":"2_15432067134_o-2000x1500.jpg","+U0jcu2DfWa7j93F5T1sew==":"3_16053666632_o-2000x1500.jpg","hcC8lz1XeY9HsEkyjhnALw==":"1_15432067954_o-2000x1500.jpg","LEzRdZssMj8CjhfFIfNvdw==":"01_fotor_collage_15868595317_o-2000x1500.jpg","E9ICWH34UoAe8DubcZE30w==":"dsc_2677_fotor_collage-7_15867065050_o-2000x1500.jpg","JR7TREN5lh5rC6LWN5kmow==":"dsc_2385_fotor_collage-9_15867066510_o-2000x1500.jpg","TOJvsX7L9J6bCLF3+8twng==":"01_fotor_collage_15868595317_o-1-2000x1500.jpg","LfgCVfIKocvlDlGSbm1yQQ==":"a-676x500.jpg","cjxgu4m9VgzU4PX4DkPIyA==":"a-1-676x500.jpg","ObMVWNeCrrxpomHGVITKkQ==":"a-1046x773.jpg","pfrO36lEenvV2P7ieS+4qw==":"1_15868449009_o-1046x697.jpg","R6pIgnabfmpa4DHM9dYdqQ==":"a-1-1046x773.jpg","iqUN/XQSk8xK4sxEkn4pPg==":"a-2-1046x773.jpg","tG7QqBE1PrLtvSu64P6EKQ==":"a-3-1046x773.jpg","qcYH13Cd5WnCrDMVWlLx1A==":"a-4-1046x773.jpg","sXbDL54c6hIrOaIUU5rWVQ==":"1_15868449009_o-2000x1333.jpg","9oLu5jGciu3Kdg3+FPek0g==":"34_15867230130_o-2000x1500.jpg","1dV7d5HsgCn7aMJjJC9mEQ==":"5_fotor_collage_16053809452_o-2000x1500.jpg","PamBDU9WwoGHVjQzqbZAKA==":"print9_15867267860_o-2000x1500.jpg","gSmmY+YpgDMJcxXaRyujjQ==":"36_15434871563_o-2000x1500.jpg","8Vlxu3KGegkmt9i47cvpSQ==":"25_16052562491_o-2000x1500.jpg","/QIrFaJpDUUpyWQ74+omwQ==":"26_15868750887_o-2000x1500.jpg","kgflyVfQNUP9yAV0dUUWwQ==":"1_15868057540_o-2000x3000.jpg","J9nTgK/X/yvsXEw85VY8cg==":"img_4978_16053385961_o-2000x1333.jpg","8SLHff+ImUGXnRXZ2uaKWg==":"img_5004_16029548876_o-2000x1333.jpg","ly7e3Ep0k5Jxt1cYZrJ79A==":"img_5014_15867876008_o-2000x1333.jpg","bfclZLnqTA5Wlsd5xfbWIg==":"img_5064_15433042704_o-2000x1333.jpg","tf8K3tSkO59n+osvC3KBKQ==":"1_15868057540_o-1-2000x3000.jpg","H+xtMGFtWE5Iy1iEkGu9mw==":"untitled-1_15433036354_o-2000x2674.jpg","kf8MNWiKRVLXjRahDvr3fQ==":"1_15868057540_o-2-2000x3000.jpg","Drv3rq6bBIUJogJZ/ESqVQ==":"untitled-1_15433036354_o-1-2000x2674.jpg","WM/iF1zkXZesZnKpvgVQyA==":"1_15868057540_o-3-2000x3000.jpg","o8Omy5XI687BlkybdzTmEw==":"1_15868057540_o-4-2000x3000.jpg","TRVhh5Dpmecy09VaP2JvBg==":"1_15868057540_o-5-2000x3000.jpg","+mI/8TFyrtsug1Nt6cyS8A==":"1_15868057540_o-6-2000x3000.jpg","WbIK7msHeDa3w6tO1OUgZQ==":"untitled-1_15433036354_o-2-2000x2674.jpg","6DYQyq+OZasGQ5RKUXSafQ==":"23_16054134222_o-2000x1333.jpg","7lAdBOjzu+b85Qs0N2kLxw==":"25_15869061127_o-2000x1333.jpg","6Y1bPmtcm8NYAPoUpGlahA==":"20_16054824645_o-2000x1333.jpg","p/43BeEc4MtKXhdgq4++QA==":"33_15867532770_o-2000x1333.jpg","jCYDmgOK/s2ItxR5lFsDFg==":"11_15869063157_o-1728x2592.jpg","ynDzLEgHsYtJNS4SqkdxnA==":"12_16054134982_o-1728x2592.jpg","Os1hpkyKHdJTZJYYSjSiXg==":"01.jpg","0OOE1Usrtktm437Z/qTMRQ==":"background2.jpg","8HpoJ9YfoSyGLWwW66HjmQ==":"13_15869062667_o-1046x697.jpg","j4upan59rxAcWKV8SNunIg==":"7_15434781233_o-1046x697.jpg","pxp0M5GWlZoHZxsRMAcLIA==":"7_15434781233_o-2000x1333.jpg","fIGyfprTV3V3Qg6JWQ8HcQ==":"img_0296_15867137130_o-2000x1333.jpg","0kgJqbaUs0rHfbavyJT6mA==":"chane-photoshoot_15432137034_o-2000x1333.jpg","3SyYzjJBYtC1mCYRBPEyIg==":"susannn_15868657527_o-2000x1338.jpg","Ywp0Io/OcRQqpKRGNAwLpA==":"img_3629_16415186361_o-2000x3000.jpg","yNtEP3CCS71eDDj4UIY5PA==":"img_3684_16390975296_o-2000x3000.jpg","qmMc6+0+nfzAckW9qeK3GQ==":"img_4135_16229501570_o-2000x3000.jpg","JKb7AwurEmAtFcYSQzG5kw==":"img_3576_16230759309_o-2000x3000.jpg","XuSwoh+FjqsAD2t1nC5d4Q==":"img_4188_16415931772_o-2000x3000.jpg","zeJ/9Nt9izrem55u412wgg==":"img_6497_16053688492_o-3-2000x1317.jpg","txcbtGwXL+32wvDFkx4PEA==":"print9_15867267860_o-1-2000x1500.jpg","9i9I+vWpAUh97DGJP3N/MQ==":"print9_15867267860_o-2-2000x1500.jpg","LiiHLZ71ulblDtIDrV0NMw==":"mbr-1920x1200.jpg","J5Rf1NRcNcbfuWcSKPZp0A==":"mbr-1920x1276.jpg","VdUsFoiwHe7eQsKd7LXUjg==":"img_3722_fotor_collage_15796821903_o-1776x1332.jpg","rKpV0CDkwTT70keeglPaSQ==":"img_4957_15869579197_o-2000x1333.jpg","eXA0Z+0pYTyGPvGQgAITNA==":"11_15869063157_o-1-1728x2592.jpg","9itQQEg5XALTwDl+eaxgDw==":"15_16052871611_o-2000x1333.jpg","fG9wbmSchBIdlRtqszZPCw==":"28_16029039886_o-2000x1333.jpg","IyrR3lAepnRQfn3kvyCPTA==":"12_16054134982_o-1-1728x2592.jpg","K2fKX0jcApz1I7gAoWCx7A==":"12_16054134982_o-2-1728x2592.jpg","YsoLQ0nJq73MfMQitVSagw==":"01_fotor_collage_15868595317_o-2-2000x1500.jpg","4Hk4nLd0FXJ12QozPsvMMQ==":"5b_15866902128_o-2-2000x1333.jpg","axg2mLPf1ylNnGXUZmjqPw==":"a-1-2000x1479.jpg","NBeRvGcH5uJp6ycGjhXatA==":"background4.jpg","jLFFZ4+fpnDFlw/Tw98gVQ==":"img_3784_15794393374_o-1014x684.jpg","Qgl1l5lKnaeqPerzhrSS0g==":"1_15868449009_o-690x460.jpg","uGhe3EvY6kZCnODDZw8MFw==":"1_15868057540_o-690x1035.jpg","41oDzooxuO0M9SwWUnzgmA==":"20_16054824645_o-1014x676.jpg","VLAFq5wbNeTvjL6FsXVKkg==":"susannn_15868657527_o-690x462.jpg","bKRUxb8wEfjzjeky2/TqtA==":"30_16052429941_o-690x460.jpg","OFVcrx8F+MI3xa1eDMpw1w==":"30_16052429941_o-1-690x460.jpg","aJfJbO0ODuIaJZEfTH0vWA==":"mbr-1920x1281.jpg","LPSe5c2SU1cOCjdQVHnobg==":"img_6497_16053688492_o-4-2000x1317.jpg","qPpegcPbOqu/bPKfGLriQw==":"img_3744_16230994007_o-1-2000x1333.jpg","5jxy33iM4l1G3chdSUSCuQ==":"img_3744_16230994007_o-2-2000x1333.jpg","SiwRkg71wZ7Vr/sOXVM6AQ==":"brian%20suhadah%20main%20page%20-%20wedding%20-2000x1479.jpg","Cp9SocEE3neZQzZ5RCC4Qg==":"01brian%20suhadah%20main%20page%20-%20newborn%20-2000x1333.jpg","WcXJn1BJ88x1u0/5K3dvug==":"brian%20suhadah%20main%20page%20-%20wedding%20-2000x1479.jpg","CWMVPH9KgtkrGl8Qlmq+Iw==":"03brian%20suhadah%20main%20page%20-%20mom%20&%20newborn-2000x1333.jpg","9clN+h/jyztvuP21tm8zCw==":"04brian%20suhadah%20main%20page%20-%20potrait%20-2000x3000.jpg","neQ9kPxl+wEAeT22KC/siQ==":"04brian%20suhadah%20main%20page%20-%20potrait%20-2000x3000.jpg","BQYpsEQdQrX9DcoWOwrcQw==":"04brian%20suhadah%20main%20page%20-%20potrait%20-2000x3000.jpg","RxiEtC7wG9PnaFa5adK4PA==":"04brian%20suhadah%20main%20page%20-%20potrait%20-2000x3000.jpg","pwwKJ3MQtId6rdQX/mB1QQ==":"04brian%20suhadah%20main%20page%20-%20potrait%20-2000x1200.jpg","lep+xXHoekNdmAXza/8ECw==":"04brian%20suhadah%20main%20page%20-%20potrait%20-2000x1333.jpg","1cWAbf4cMESQJKOxOPtGow==":"04brian%20suhadah%20main%20page%20-%20potrait%20-2000x1333.jpg","c51qLa5m1wUaPI4Whp+7MA==":"briansuhada-346x555.jpg","CSLrIC69pY19KFpDp6eZww==":"img_3687_16229276858_o-2000x1333.jpg","Xly8RiM6yPRNq2ggpbvLng==":"img_3687_16229276858_o-1-2000x1333.jpg","x0WmVDRvpqZkavQAwGxAcg==":"img_3687_16229276858_o-2-2000x1333.jpg","LfT46LThHw8U2lOL/IYL3g==":"img_3687_16229276858_o-3-2000x1333.jpg","HoKpZfRMysmMSKDLrt6n/A==":"img_3687_16229276858_o-4-2000x1333.jpg","faAGPfVCmu66h/B0l0BV9w==":"img_3687_16229276858_o-5-2000x1333.jpg","HoeEF4HfT9nMa9Cg+v0y1w==":"02.jpg","BOHX14Aw49Bs0OFMEtsGEA==":"img-3832-16229230438-o-2000x1333-800x533.jpg","rdNQV8biacYj7O1IjA7Tjw==":"1_15868449009_o-676x451.jpg","p+v18Shki7+qJ0qHiS2LNg==":"13_15869062667_o-676x451.jpg","age0dsGLoL2AoD4THLA2QA==":"7_15434781233_o-676x451.jpg","XbP/WvhkpLyYCZDwwdsBdg==":"img_4171_16390900976_o-2000x1131.jpg","rT4wVF+CW2dbBTNUUTVoJw==":"img_4171_16390900976_o-1-2000x1131.jpg","wxEWq4zsmEcQe2LxvDxbww==":"img_3687_16229276858_o-6-2000x1333.jpg","teN0tPGkacr8jUPf8VofwQ==":"img_3687_16229276858_o-7-2000x1333.jpg"}